None, None, None 
None, None, None 
None, None, None 
None, None, None 
26.53638542730252, 270.7231031750155, 44.71737217903137 
None, None, None 
None, None, None 
28.050486547502818, 324.40301354676546, 34.86867046356201 
29.438826430899315, 294.0703975468142, 21.43848180770874 
None, None, None 
